<?xml version="1.0"?>
<!DOCTYPE hibernate-mapping PUBLIC
 "-//Hibernate/Hibernate Mapping DTD 3.0//EN"
 "http://www.hibernate.org/dtd/hibernate-mapping-3.0.dtd">
<hibernate-mapping>
  <class name="com.infinite.jsf.Provider.model.Provider" table="provider">
    <id name="id" column="id">
      <generator class="native"/>
    </id>
    <property name="email" column="email" unique="true" not-null="true"/>
    <property name="passwordHash" column="password_hash" not-null="true"/>
    <set name="history" cascade="all-delete-orphan" inverse="true">
      <key column="provider_id" not-null="true"/>
      <one-to-many class="com.infinite.jsf.Provider.model.PasswordHistory"/>
    </set>
    <set name="otps" cascade="all-delete-orphan" inverse="true">
      <key column="provider_id" not-null="true"/>
      <one-to-many class="com.infinite.jsf.Provider.model.OtpToken"/>
    </set>
  </class>
</hibernate-mapping>
