<?xml version="1.0" encoding="UTF-8"?>
<!DOCTYPE hibernate-configuration PUBLIC
        "-//Hibernate/Hibernate Configuration DTD 3.0//EN"
        "http://www.hibernate.org/dtd/hibernate-configuration-3.0.dtd">

<hibernate-configuration>
	<session-factory>

		<!-- Database connection settings -->
		<property name="hibernate.connection.driver_class">com.mysql.jdbc.Driver</property>
		<property name="hibernate.connection.url">jdbc:mysql://localhost:3306/data</property>
		<property name="hibernate.connection.username">root</property>
		<property name="hibernate.connection.password">root</property>

		<!-- SQL dialect -->
		<property name="hibernate.dialect">org.hibernate.dialect.MySQLDialect</property>

		<!-- Connection pool size -->
		<property name="hibernate.connection.pool_size">10</property>


		
		<!-- XML Mapping files -->
		<mapping resource="com/infinite/jsf/Provider/mapping/Provider.hbm.xml" />
		<mapping resource="com/infinite/jsf/Provider/mapping/PasswordHistory.hbm.xml" />
		<mapping resource="com/infinite/jsf/Provider/mapping/OtpToken.hbm.xml" />
	</session-factory>
</hibernate-configuration>
