<?xml version="1.0" encoding="UTF-8"?>
<faces-config xmlns="http://xmlns.jcp.org/xml/ns/javaee"
              xmlns:xsi="http://www.w3.org/2001/XMLSchema-instance"
              xsi:schemaLocation="http://xmlns.jcp.org/xml/ns/javaee 
                                  http://xmlns.jcp.org/xml/ns/javaee/web-facesconfig_2_2.xsd"
              version="2.2">

  <!-- Managed Bean Declaration -->
 <managed-bean>
    <managed-bean-name>providerController</managed-bean-name>
    <managed-bean-class>com.infinite.jsf.Provider.controller.ProviderController</managed-bean-class>
    <managed-bean-scope>session</managed-bean-scope>
</managed-bean>

 
  </faces-config>