<?xml version="1.0"?>
<!DOCTYPE hibernate-mapping PUBLIC
 "-//Hibernate/Hibernate Mapping DTD 3.0//EN"
 "http://www.hibernate.org/dtd/hibernate-mapping-3.0.dtd">
<hibernate-mapping>
  <class name="com.infinite.model.OtpToken" table="otp_token">
    <id name="id" column="id">
      <generator class="native"/>
    </id>
    <many-to-one name="provider" column="provider_id" class="com.infinite.model.Provider" not-null="true"/>
    <property name="token" column="otp_code" not-null="true"/>
    <property name="expiresAt" column="expires_at" type="timestamp" not-null="true"/>
  </class>
</hibernate-mapping>

